Timestamp,Paper Title,Link to the paper's code (GitHub or other),Domain,evaluator,Agent version,Execution Environment (Select “Other” only if you performed a non-standardized step.),Date (PST),Start Time (PST),End Time (PST),Condition,Hardware (Select “Other” only if you used an environment other than A40 on RunPod.),OS (Select “Others” only if you used an environment other than A40 on RunPod.),Phase 1 Blocker 1: What was the Blocker,Phase 1 Blocker 1: Who got stuck,Phase 1 Blocker 1: What was the resolution,Phase 1 Blocker 1: Intervention needed?,"Phase 2 *Select one from ""Who"" and one from ""Outcome"" [2.1 Identify entry point / main script]","Phase 2 *Select one from ""Who"" and one from ""Outcome"" [2.2 Understand required run parameters]","Phase 2 *Select one from ""Who"" and one from ""Outcome"" [2.3 Run Code]","Phase 2 *Select one from ""Who"" and one from ""Outcome"" [2.4 Monitor / debug runtime errors]","Phase 2 *Select one from ""Who"" and one from ""Outcome"" [2.5 Locate output files]","Phase 3 *Select one from ""Who"" and one from ""Outcome"" [3.1 Parse / extract our results]","Phase 3 *Select one from ""Who"" and one from ""Outcome"" [3.2 Compare to paper values]","Phase 3 *Select one from ""Who"" and one from ""Outcome"" [3.3 Investigate discrepancies(if any)]",Results: Question,Results: Paper Value,Results: Our Value,Results: Match,Reproduction failure mode classification (in case reproduction of the given target failed),"Total duration (in minutes) Measure by: Start from difference between first and last timestamp (as provided by script), manually subtract lunch breaks etc. (afk time), add any additional time for analysis etc. after the last timestamp","Collaboration pattern observed *If multiple choices apply, use the “Other” freeform text field.",Where Agent added value,Where Agent struggled and needed help,"Other Notes (error messages, surprises, observations - anything that doesn't fit above)",Phase 1 Blocker 2: What was the Blocker,Phase 1 Blocker 2: Who got stuck,Phase 1 Blocker 3: Who got stuck,Phase 1 Blocker 3: What was the Blocker,Phase 1 Blocker 2: What was the resolution,Phase 1 Blocker 3: What was the resolution,Phase 1 Blocker 2: Intervention needed?,Phase 1 Blocker 3: Intervention needed?,Phase 2 Blocker 1: What was the Blocker,Phase 2 Blocker 1: Who got stuck,Phase 2 Blocker 1: What was the resolution,Phase 2 Blocker 1: Intervention needed?,Phase 2 Blocker 2: What was the Blocker,Phase 2 Blocker 2: Who got stuck,Phase 2 Blocker 2: What was the resolution,Phase 2 Blocker 2: Intervention needed?,Phase 2 Blocker 3: What was the Blocker,Phase 2 Blocker 3: Who got stuck,Phase 2 Blocker 3: What was the resolution,Phase 2 Blocker 3: Intervention needed?,Phase 3 Blocker 1: What was the Blocker,Phase 3 Blocker 1: Who got stuck,Phase 3 Blocker 1: What was the resolution,Phase 3 Blocker 1:Intervention needed?,Phase 3 Blocker 2: What was the Blocker,Phase 3 Blocker 2: What was the resolution,Phase 3 Blocker 2: Intervention needed?,Phase 3 Blocker 3: What was the Blocker,Phase 3 Blocker 3: Who got stuck,Phase 3 Blocker 3: What was the resolution,Phase 3 Blocker 3: Intervention needed?,Link to Docent log of this session,Step 1.1: Start the instance and Docker image (Human) - Outcome,Step 1.1: Start the instance and Docker image (Human) - Notes,Step 1.2: Start Agent with logging and prompt replication target task (using the generic default prompt) (Human) - Outcome,Step 1.3: Obtain the paper’s code (e.g. clone repo) - Who did it,Step 1.4: Read README - Outcome,Step 1.5: Create environment (e.g. using conda/venv) - Outcome,Step 1.6: Install dependencies - Outcome,Step 1.7: Download/prepare data - Outcome,"Step 1.8: Verify setup (import test, etc.) - Outcome",Step 1.3: Obtain the paper’s code (e.g. clone repo) - Outcome,"Step 1.8: Verify setup (import test, etc.) - Who did it",Step 1.7: Download/prepare data - Who did it,Step 1.6: Install dependencies - Who did it,Step 1.4: Read README - Who did it,Step 1.5: Create environment (e.g. using conda/venv) -- Who did it,Step 1.3: Obtain the paper’s code (e.g. clone repo) - Notes,Step 1.7: Download/prepare data - Notes,"Step 1.8: Verify setup (import test, etc.) - Notes",Step 1.6: Install dependencies - Notes,Step 1.5: Create environment (e.g. using conda/venv) -- Notes,Step 1.4: Read README - Notes,Step 2.1: Identify entry point / main script - Outcome,Step 2.1: Identify entry point / main script - Notes,Step 2.2: Understand required run parameters - Outcome,Step 2.3: Run code - Who did it,Step 2.3: Run code - Outcome,Step 2.3: Run code - Notes,Step 2.4: Monitor / debug runtime errors - Who did it,Step 2.4: Monitor / debug runtime errors - Outcome,Step 2.4: Monitor / debug runtime errors - Notes,Step 2.5: Locate output files - Who did it,Step 2.5: Locate output files - Outcome,Step 2.5: Locate output files - Notes,Step 2.1: Identify entry point / main script - Who did it,Step 2.2: Understand required run parameters - Who did it,Step 3.1: Parse/extract our results - Who did it,Step 3.1: Parse/extract our results - Outcome,Step 3.1: Parse/extract our results - Notes,Step 3.2: Compare to paper values - Who did it,Step 3.2: Compare to paper values - Outcome,Step 3.2: Compare to paper values - Notes,Step 3.3 - Investigate discrepancies (if any) - Who did it,Step 3.3 - Investigate discrepancies (if any) - Outcome,Step 3.3 - Investigate discrepancies (if any) - Notes
4/25/2026 2:45:16,decentralization can increase cooperation among public officials,https://dataverse.harvard.edu/dataset.xhtml?persistentId=doi:10.7910/DVN/ZLHYSZ,I4R,B,gpt-5.4-codex with extra high thinking,Docker instance with pre-installed libraries,4/24/2026,10:18:00 AM,10:26:00 AM,AI-assisted,GPU: A40 48GB VRAM CPU: Intel(R) Xeon(R) Gold 6342 CPU @ 2.80GH,Ubuntu 22.04,,,,,"Who: Agent, Outcome: Success","Who: Agent, Outcome: Success","Who: Agent, Outcome: Success","Who: Agent, Outcome: Success","Who: Agent, Outcome: Success",Who: Agent,Who: Agent,Who: Agent,"Coefficient for Decentralized in the Weighted Poisson regression Full Model for ""Strong Ties (Prop. Friends)"" (Table 3): 1.07",1.07,1.07,✓ Match,,8,1. Agent did all the work on its own,"2. Environment setup, 5. Running code, 6. Debugging errors from running code as is",None (this shouldn't be a required question),Highly efficient agent run that successfully reproduced the result,,,,,,,,,,,,,,,,,,,,,,,,,,,,,,,,https://docent.transluce.org/dashboard/ae174ea5-4691-4221-8b06-5c55519d2494/agent_run/019dc07f-b0f5-7860-a47f-c07b4beceba1,Succcess,,Succcess,Agent,Succcess,Succcess,Succcess,Succcess,Succcess,Succcess,Agent,Agent,Agent,Agent,Agent,,,,,,,,,,,,,,,,,,,,,,,,,,,,,
4/25/2026 17:07:00,fantastically ordered prompts and where to find them overcoming fewshot prompt order sensitivity,https://github.com/yaolu/ordered-prompt,AI Conferences,B,,Docker instance with pre-installed libraries,4/26/2026,11:15:00 PM,1:02:00 AM,Manual,GPU: A40 48GB VRAM CPU: Intel(R) Xeon(R) Gold 6342 CPU @ 2.80GH,Ubuntu 22.04,,,,,,,,,,,,,Performance of the GPT-2 0.1B GlobalE on the Template 1 (from Table 3 in the paper): 63.8 [paper reported confidence: 5.8],63.8,62.9,≈ Within tolerance interval,,62,,,,,,,,,,,,,,,,,,,,,,,,,,,,,,,,,,,,https://docent.transluce.org/dashboard/ae174ea5-4691-4221-8b06-5c55519d2494/agent_run/fdf1b413-2fe2-4172-9c03-9da6c2b737ab,,,,,,,,,,,,,,,,,,,,,,,,,,,,,,,,,,,,,,,,,,,,
4/25/2026 17:40:45,obfuscated gradients give a false sense of security circumventing defenses to adversarial examples,https://github.com/anishathalye/obfuscated-gradients,AI Conferences,B,gpt-5.4-codex with extra high thinking,Docker instance with pre-installed libraries,4/24/2026,11:25:00 AM,12:01:00 PM,AI-assisted,GPU: A40 48GB VRAM CPU: Intel(R) Xeon(R) Gold 6342 CPU @ 2.80GH,Ubuntu 22.04,Agent installed tensorflow-cpu.,Agent,Told agent to make model run on gpu.,,,,,,,,,,Accuracy under the defense technique from Buckman et al. (2018) on the CIFAR dataset (Table 1 from the paper): 0%,0,n/a,✗ Fail,,36,"4. Agent made major error(s), requiring human redirection","2. Environment setup, 3. Downloading data, 4. Identifying main scripts, 9. Catching potential issues proactively (e.g., noticing a bug in the code before it caused a major error)","5. Identifying correct scripts needed for reproducing, 16. Making assumptions about the environment without checking, 17. Failure to follow instructions",,,,,,,,,,Agent ran code on cpu,Agent,Told agent to run code on GPU,Yes,Agent ran code on wrong dataset sample,Agent,Told agent to consult paper for dataset config.,Yes,Agent ran wrong code,Agent,Agent looked closer and noticed it was running wrong code and stopped.,No,,,,,,,,,,,,https://docent.transluce.org/dashboard/ae174ea5-4691-4221-8b06-5c55519d2494/agent_run/019dc0bc-ed19-74a1-ae3b-f5f54bd9a3cb,Succcess,,Succcess,Agent,Succcess,Succcess,Succcess,Succcess,Succcess,Succcess,Agent,Agent,Both,Agent,Agent,,,,,,,Succcess,,Succcess,Both,Succcess,,Agent,Succcess,,Agent,Succcess,,Agent,Both,N/A - no results produced,N/A - no results produced,,N/A - no results produced,N/A - no results produced,,N/A - no results produced,N/A - no results produced,
4/26/2026 0:34:40,indecent disclosures anticorruption reforms and political selection,https://dataverse.harvard.edu/dataset.xhtml?persistentId=doi:10.7910/DVN/KDUMRM,I4R,C,,Docker instance with pre-installed libraries,4/25/2026,7:00:00 AM,8:30:00 AM,Manual,GPU: A40 48GB VRAM CPU: Intel(R) Xeon(R) Gold 6342 CPU @ 2.80GH,Ubuntu 22.04,,,,,,,,,,,,,Treatment group × Second period election at -0.057 (0.015) in Table 1,-0.057 (0.015),-0.0568437(0.0150439),✓ Match,,73.05,,,,,,,,,,,,,,,,,,,,,,,,,,,,,,,,,,,, https://docent.transluce.org/collection/dab7d828-fce2-43aa-97a6-edea3f8fc179,,,,,,,,,,,,,,,,,,,,,,,,,,,,,,,,,,,,,,,,,,,,
4/26/2026 2:38:41,changing tides public attitudes on climate migration,https://dataverse.harvard.edu/dataset.xhtml;jsessionid=e19065118cc12d43f1b412109d41?persistentId=doi%3A10.7910%2FDVN%2FFDML2N&version=&q=&fileAccess=&fileTag=&fileSortField=name&fileSortOrder=desc,I4R,C,gpt-5.4-codex with extra high thinking,Docker instance with pre-installed libraries,4/25/2026,9:00:00 AM,9:50:00 AM,AI-assisted,GPU: A40 48GB VRAM CPU: Intel(R) Xeon(R) Gold 6342 CPU @ 2.80GH,Ubuntu 22.04,,,,,,,,,,,,,"Table 2, ""In the German sample, what is the AMCE for flooding as a reason for migration compared to economic opportunity?"": 0.086",0.086,0.08645650437,✓ Match,,29,1. Agent did all the work on its own,"1. Navigating readme and necessary associated files quickly to understand requirements, 2. Environment setup, 4. Identifying main scripts, 5. Running code, 9. Catching potential issues proactively (e.g., noticing a bug in the code before it caused a major error)",,,,,,,,,,,,,,,,,,,,,,,,,,,,,,,,,,https://docent.transluce.org/collection/dab7d828-fce2-43aa-97a6-edea3f8fc179,Succcess,,Succcess,Agent,Succcess,Succcess,Succcess,Succcess,Succcess,Succcess,Agent,Agent,Agent,Agent,Agent,,,,"The agent created an isolated R environment with mamba, then installed the paper-critical cjoint package by pinning the archived CRAN source version cjoint_2.1.0, choosing a release close to the paper’s time period when cjoint was unavailable via conda-forge.",,,Succcess,,Succcess,Agent,Succcess,,Agent,Succcess,,Agent,Succcess,,Agent,Agent,Agent,Succcess,,Agent,Succcess,,N/A - no results produced,N/A - no results produced,
4/26/2026 3:31:49,talking shops the effects of caucus discussion on policy coalitions,https://dataverse.harvard.edu/dataset.xhtml?persistentId=doi:10.7910/DVN/S3M5AX,I4R,D,,Docker instance with pre-installed libraries,4/25/2026,10:30:00 AM,11:04:00 AM,Manual,GPU: A40 48GB VRAM CPU: Intel(R) Xeon(R) Gold 6342 CPU @ 2.80GH,Ubuntu 22.04,,,,,,,,,,,,,"Estimated Deliberation Effects on Cosponsorship (in pp) for the group with ""Attended meetings?"" = ""Yes"" and ""Sponsor’s party?"" = ""No"" (Table 4)",5.9,5.9,✓ Match,,42,,,,,,,,,,,,,,,,,,,,,,,,,,,,,,,,,,,,https://docent.transluce.org/dashboard/f8c8caac-c48e-4d00-aa23-fd9f8bdae589/agent_run/1019a826-159c-48f0-9ec2-9dcbab275dfc?transcript_id=4bb38e2d-2c8c-4044-9494-0dea7c615aab,,,,,,,,,,,,,,,,,,,,,,,,,,,,,,,,,,,,,,,,,,,,
4/26/2026 11:02:47,reliable conflictive multiview learning,https://github.com/jiajunsi/RCML,AI Conferences,D,gpt-5.4-codex with extra high thinking,Docker instance with pre-installed libraries,4/25/2026,6:02:00 PM,6:26:00 PM,AI-assisted,GPU: A40 48GB VRAM CPU: Intel(R) Xeon(R) Gold 6342 CPU @ 2.80GH,Ubuntu 22.04,,,,,,,,,,,,,Conflictive test-set accuracy of the ECML model on the Scene15 dataset (from Table 3 in the paper),56.97 ± 0.52%,"- `sample_mean_accuracy_percent = 60.089999999999996` - `sample_std_accuracy_percent = 0.45000000000000284` - `95% prediction interval = [57.854276059424684, 62.32572394057531]`",✗ Fail,Results do not match within error tolerance,56,1. Agent did all the work on its own,"1. Navigating readme and necessary associated files quickly to understand requirements, 2. Environment setup, 3. Downloading data, 4. Identifying main scripts, 5. Running code, 6. Debugging errors from running code as is, 7. Making the most appropriate choice to adjust code to run correctly, 8. Identifying deprecated code/requirements and quickly finding fixes, 9. Catching potential issues proactively (e.g., noticing a bug in the code before it caused a major error), 10. Finding an alternative more efficient approach, 11. Interpreting intermediate results intelligently so that it could move on quickly to next steps, created wrapper (fixed the errors after built) under logs to record outputs, keeps main logic unchanged","3. Setting up environment as directed in readme or repository, forgetting ""tty"" (but is usually self-resolved)",,,,,,,,,,,,,,,,,,,,,,,,,,,,,,,,,https://docent.transluce.org/dashboard/f8c8caac-c48e-4d00-aa23-fd9f8bdae589/agent_run/019dc750-4aaf-7721-8fe8-1ed68a154ab6,Succcess,,Succcess,Agent,Succcess,Succcess,Succcess,Succcess,Succcess,Succcess,Agent,Agent,Agent,Agent,Agent,,,,,,,Succcess,,Succcess,Agent,Succcess,,Agent,Succcess,,Agent,Succcess,,Agent,Agent,Agent,Succcess,,Agent,Succcess,,Agent,Succcess,
4/26/2026 11:41:04,policy deliberation and voter persuasion experimental evidence from an election in the philippines,https://dataverse.harvard.edu/dataset.xhtml?persistentId=doi:10.7910/DVN/S3HACJ,I4R,B,,Docker instance with pre-installed libraries,4/25/2026,4:00:00 PM,4:58:00 PM,Manual,GPU: A40 48GB VRAM CPU: Intel(R) Xeon(R) Gold 6342 CPU @ 2.80GH,Ubuntu 22.04,,,,,,,,,,,,,ITT of the Vote (Akbayan) (from Table 1 in the paper): 1.955,1.955,1.955,✓ Match,,59,,,,,,,,,,,,,,,,,,,,,,,,,,,,,,,,,,,,https://dataverse.harvard.edu/dataset.xhtml?persistentId=doi:10.7910/DVN/S3HACJ,,,,,,,,,,,,,,,,,,,,,,,,,,,,,,,,,,,,,,,,,,,,
4/26/2026 12:36:30,multiwoz a largescale multidomain wizardofoz dataset for taskoriented dialogue modelling,https://github.com/budzianowski/multiwoz,AI Conferences,A,gpt-5.4-codex with extra high thinking,Docker instance with pre-installed libraries,4/25/2026,5:18:00 PM,7:26:00 PM,AI-assisted,GPU: A40 48GB VRAM CPU: Intel(R) Xeon(R) Gold 6342 CPU @ 2.80GH,Ubuntu 22.04,"The agent apparently encountered a transient issue while cloning the repo (or at least got confused about the status of this process in a background terminal): ""The repository files are present, but the checkout looks like it was interrupted mid-clone: `.git/index.lock` exists and `git status` shows tracked files as deleted plus untracked duplicates."" ",Agent,Agent (apparently) simply re-ran the clone command and it succeeded.,No,,,,,,,,,"Run preprocessing pipeline to reproduce # Dialogues in MultiWoz Training Split - 8,438 from Table 1","8,438",8423,✗ Fail,Results do not match within error tolerance,132,1. Agent did all the work on its own,"1. Navigating readme and necessary associated files quickly to understand requirements, 2. Environment setup, 3. Downloading data, 4. Identifying main scripts, 5. Running code, 6. Debugging errors from running code as is, 7. Making the most appropriate choice to adjust code to run correctly, 8. Identifying deprecated code/requirements and quickly finding fixes, 9. Catching potential issues proactively (e.g., noticing a bug in the code before it caused a major error), 10. Finding an alternative more efficient approach, 11. Interpreting intermediate results intelligently so that it could move on quickly to next steps",,"This particular reproduction went over the 45 minute compute time limit that was imposed as a criterion in the paper selection. I haven't investigated whether the agent could have chosen a more performant (e.g. multi-core) way to run the process. For the two additional runs required after the first result mismatch, it intelligently found a way to make them run in parallel so that they only required about the same time together as the first one alone. 

As described in more detail in the notes for 3.3, on human request the agent was also helpful in investigating the discrepancy of the reproduced result and narrow down the possible cause. (Since this task is not explicitly specified in our prompt, I still rate this run as ""Agent did all the work on its own"".)","""The first run failed before the code started because this container doesn’t have /usr/bin/time."" (according to the agent)",Agent,,,"""I’m rerunning the same preprocessing command without that wrapper.""",,No,,"According to the agent: ""nltk==3.9 imports wordnet at module import time in this environment, so the original script stops before  preprocessing begins.""",Agent,"According to the agent: ""I’ve hit the same nltk import bug twice now. One final environment-only fix is reasonable here: swap nltk to 3.8.1, which still provides the nltk.util.ngrams API this script uses but avoids the unrelated wordnet import-time failure on this Python 3.11 setup.""",No,,,,,,,,,,,,,,,,,,,,https://docent.transluce.org/collection/d1a06242-b68b-4597-89df-e845e2e1c058,Succcess,,Succcess,Agent,Succcess,Succcess,Succcess,Succcess,Succcess,Succcess,Agent,Agent,Agent,Agent,Agent,,,,,,,Succcess,,Succcess,Agent,Succcess,,Agent,Succcess,,Agent,Succcess,,Agent,Agent,Agent,Succcess,,Both,Succcess,,Both,Succcess,"Agent came up with a plausible-sounding explanation of the (slight) discrepancy, which seems to point to a (slight) discrepancy of the description of the corpus preprocessing process between the paper and the README. On request of the human, the agent also checked whether it could have been caused by updated to the repo since the publication of the paper (answer: unlikely)."
4/26/2026 16:34:09,reliable conflictive multiview learning,https://github.com/jiajunsi/RCML,AI Conferences,B,gpt-5.4-codex with extra high thinking,Docker instance with pre-installed libraries,4/25/2026,10:15:00 PM,12:20:00 AM,AI-assisted,GPU: A40 48GB VRAM CPU: Intel(R) Xeon(R) Gold 6342 CPU @ 2.80GH,Ubuntu 22.04,,,,,,,,,,,,,Conflictive test-set accuracy of the ECML model on the Scene15 dataset (from Table 3 in the paper): 56.97 ± 0.52%,56.97,60.17,≈ Within tolerance interval,,126,1. Agent did all the work on its own,"2. Environment setup, 4. Identifying main scripts, 5. Running code",,,,,,,,,,,,,,,,,,,,,,,,,,,,,,,,,,tbd,Succcess,,Succcess,Agent,Succcess,Succcess,Succcess,Succcess,Succcess,Succcess,Agent,Agent,Agent,Agent,Agent,,,,,,,Succcess,,Succcess,Agent,Succcess,,Agent,Succcess,,Agent,Succcess,,Agent,Agent,Agent,Succcess,,Agent,Succcess,,Agent,Succcess,
4/26/2026 17:35:25,semisupervised neural protolanguage reconstruction,https://github.com/cmu-llab/dpd/tree/main#,AI Conferences,D,,Docker instance with pre-installed libraries,4/25/2026,10:52:00 PM,1:13:00 AM,Manual,GPU: A40 48GB VRAM CPU: Intel(R) Xeon(R) Gold 6342 CPU @ 2.80GH,Ubuntu 22.04,,,,,,,,,,,,,"Table 2, TED of Transformer DPD-ΠM-BST on 10% labeled WikiHan, averaged across all runs in four groups (10 runs per strategy-architecture combination per group)",1.0075,N/A,✗ Fail,,180,,,,,,,,,,,,,,,,,,,,,,,,,,,,,,,,,,,,https://docent.transluce.org/dashboard/f8c8caac-c48e-4d00-aa23-fd9f8bdae589/agent_run/98a4b8cc-bef4-4b36-a58c-dee40bcb4d36?transcript_id=20b22b35-5197-4cc7-89a6-a25d5b1edf88,,,,,,,,,,,,,,,,,,,,,,,,,,,,,,,,,,,,,,,,,,,,
4/27/2026 3:05:01,multiwoz a largescale multidomain wizardofoz dataset for taskoriented dialogue modelling,https://github.com/budzianowski/multiwoz,AI Conferences,D,,Docker instance with pre-installed libraries,4/25/2026,9:59:00 PM,12:21:00 AM,Manual,GPU: A40 48GB VRAM CPU: Intel(R) Xeon(R) Gold 6342 CPU @ 2.80GH,Ubuntu 22.04,,,,,,,,,,,,,Run preprocessing pipeline to reproduce # Dialogues in MultiWoz Training Split from Table 1,"8,438","8,438",✓ Match,,142,,,,,,,,,,,,,,,,,,,,,,,,,,,,,,,,,,,,"<missing the upload> After discussion with Tilman since this is an manual run, should be fine to not run it again since the predominant tracker is the time which I have. Rerunning would void the RCT more than doing a rerun.",,,,,,,,,,,,,,,,,,,,,,,,,,,,,,,,,,,,,,,,,,,,
4/27/2026 3:43:52,antinormative messaging group cues and the nuclear ban treaty,https://dataverse.harvard.edu/dataset.xhtml;jsessionid=5bc4beb0bd5aef9d7a5ba5284fc6?persistentId=doi%3A10.7910%2FDVN%2FGLT4FX&version=&q=&fileTypeGroupFacet=%22Text%22&fileAccess=&fileSortField=size,I4R,D,gpt-5.4-codex with extra high thinking,Docker instance with pre-installed libraries,4/26/2026,11:17:00 AM,11:31:00 AM,AI-assisted,GPU: A40 48GB VRAM CPU: Intel(R) Xeon(R) Gold 6342 CPU @ 2.80GH,Ubuntu 22.04,,,,,,,,,,,,,"Estimated treatment effect of the Institution Cue on support for TPNW (Appendix Table H1, Model 2)",-19.2 percentage points,-19.2 percentage points,✓ Match,,27,1. Agent did all the work on its own,"1. Navigating readme and necessary associated files quickly to understand requirements, 2. Environment setup, 3. Downloading data, 4. Identifying main scripts, 5. Running code, 6. Debugging errors from running code as is, 7. Making the most appropriate choice to adjust code to run correctly, 11. Interpreting intermediate results intelligently so that it could move on quickly to next steps",,,,,,,,,,,,,,,,,,,,,,,,,,,,,,,,,,https://docent.transluce.org/dashboard/f8c8caac-c48e-4d00-aa23-fd9f8bdae589/agent_run/019dcb03-4878-79d2-89c9-3773bdd889ce?transcript_id=267d33c3-2803-437d-b69f-0319a12367a0,Succcess,,Succcess,Agent,Succcess,Succcess,Succcess,Succcess,Succcess,Succcess,Agent,Agent,Agent,Agent,Agent,,,,,,,Succcess,,Succcess,Agent,Succcess,,Agent,Succcess,,Agent,Succcess,,Agent,Agent,Agent,Succcess,,Agent,Succcess,,Agent,Succcess,
4/27/2026 4:28:51,latxa an open language model and evaluation suite for basque,https://github.com/hitz-zentroa/latxa,AI Conferences,C,,Docker instance with pre-installed libraries,4/26/2026,10:40:00 AM,12:16:00 PM,Manual,GPU: A40 48GB VRAM CPU: Intel(R) Xeon(R) Gold 6342 CPU @ 2.80GH,Ubuntu 22.04,,,,,,,,,,,,,Performance of Latxa 7B on EusProf (Table 1): 30.26 ,30.26,26.02,✗ Fail,,97,,,,,,,,,,,,,,,,,,,,,,,,,,,,,,,,,,,,599b5e5b-cb1b-436d-9dd1-0e7ae97f6f18,,,,,,,,,,,,,,,,,,,,,,,,,,,,,,,,,,,,,,,,,,,,
4/27/2026 7:02:32,yellow vests pessimistic beliefs and carbon tax aversion,https://github.com/thomasdouenne/yellow_vests_aej_ep,I4R,B,,Docker instance with pre-installed libraries,4/26/2026,11:10:00 AM,2:45:00 PM,Manual,GPU: A40 48GB VRAM CPU: Intel(R) Xeon(R) Gold 6342 CPU @ 2.80GH,Ubuntu 22.04,,,,,,,,,,,,,OLS for Yellow Vests: supports - 0.108 (0.026) from Table 2,0.108,Irreproducible,✗ Fail,,143,,,,,,,,,,,,,,,,,,,,,,,,,,,,,,,,,,,,https://docent.transluce.org/dashboard/ae174ea5-4691-4221-8b06-5c55519d2494/agent_run/917ee5df-c9a6-482e-9c6b-69999fb97f6a,,,,,,,,,,,,,,,,,,,,,,,,,,,,,,,,,,,,,,,,,,,,
4/27/2026 8:17:37,multiracial identity and political preferences,https://doi.org/10.1086/714760,I4R,E,gpt-5.4-codex with extra high thinking,Docker instance with pre-installed libraries,4/25/2026,7:20:00 PM,8:23:00 PM,AI-assisted,GPU: A40 48GB VRAM CPU: Intel(R) Xeon(R) Gold 6342 CPU @ 2.80GH,Ubuntu 22.04,Long dependency installation times.,Agent,Agent isolated alternative builds and stopped installation when necessary dependencies were installed.,No,,,,,,,,,"Table 2, Are White-Blacks more conservative or more liberal than Blacks whn it comes to police perceptions?:", More conservative,"More conservative: The exact reproduced `m2m[1, ]` output for the Table 2 `White-Black` vs `Black` police-perceptions comparison is saved in [table2_white-black_vs_black_police.csv](/workspace/replication_package/src/multiracial_jop/table2_white-black_vs_black_police.csv), [table2_white-black_vs_black_police.rds](/workspace/replication_package/src/multiracial_jop/table2_white-black_vs_black_police.rds), and the full table in [m2m_full_script.csv](/workspace/replication_package/src/multiracial_jop/m2m_full_script.csv):  ```text lower95 = 0.0163837040212635 lower90 = 0.024696423972067 mean    = 0.0673939049271193 upper90 = 0.109604629831138 upper95 = 0.118270962091253 ```  I consider the replication target reproduced: this is the exact row generated by the paper’s code for that Table 2 comparison. ",✓ Match,,63.35,1. Agent did all the work on its own,"2. Environment setup, 6. Debugging errors from running code as is, 7. Making the most appropriate choice to adjust code to run correctly, 8. Identifying deprecated code/requirements and quickly finding fixes, 10. Finding an alternative more efficient approach",,,,,,N/A,,,,,"Agent failed first run due to compatibility issues with ZeligChoice and dployr::tbl_df():
The failure is a concrete compatibility break: `ZeligChoice` calls `dplyr::tbl_df()`, which newer dplyr versions make defunct. ",Agent,"Agent:

I’m applying a narrow runtime shim for that deprecated API and rerunning the exact same paper code.",No,"Agent:
I’ve confirmed the next blocker is another defunct `dplyr` API: `group_by_()`",Agent,"I’m switching from the installed bytecode to the package source tarballs. That will show exactly where `ZeligChoice` still calls deprecated dplyr verbs, which should tell us whether one more compatibility shim is enough or not. I’ve isolated the relevant old-code calls in the Zelig source itself. There are only two hard breaks so far in the estimation path: `tbl_df()` and `group_by_()`. I’m testing a direct `group_by_` compatibility shim now before doing another full model run. I’m writing the wrapper now. It won’t touch the paper’s scripts; it only preloads the exact libraries, installs the two compatibility shims, and then sources the published replication file so we can capture the target row after a clean run.",No,`packageurl2` is genuinely undefined in the published file because of a malformed comment block near the top. I’m adjusting only the wrapper to predefine that variable so the original script can continue executing exactly as written.,Agent,The wrapper now injects the missing `packageurl2` value before the source step. I’m rerunning the full script from the top and will inspect the log as soon as it either reaches modeling or throws the next error.,No,,,,,,,,,,,,https://docent.transluce.org/dashboard/575a4e6d-14be-4992-a8a2-7a40fd4270b7/agent_run/019dc79d-c376-7fe3-91a6-56552158cc01?transcript_id=570ffd64-d786-4921-9c14-ed76b7ff5a85,Succcess,,Succcess,Agent,Succcess,Succcess,Succcess,Succcess,Succcess,Succcess,Agent,Agent,Agent,Agent,Agent,,Dataverse files downloaded and prepared successfully.,Agent installed dependencies and tested loading. ,R Dependencies installed successfully.,"No venv. Agent developed plan to configure environment.

2. Install the R packages the original script expects, using the archived `Zelig`/`ZeligChoice` versions noted in the script if current CRAN doesn’t match.",No README.md in package,Succcess,"Agent found full 'm2m' simulation block as entry point:
exec_command(cmd=cat <<'RS' | Rscript - > /workspace/replication_package/src/multiracial_jop/table2_run.log 2>&1",Succcess,Agent,Partial succes,"Agent failed first run due to compatibility issues with ZeligChoice and dployr::tbl_df():
The failure is a concrete compatibility break: `ZeligChoice` calls `dplyr::tbl_df()`, which newer dplyr versions make defunct. ",Agent,Succcess,I’m applying a narrow runtime shim for that deprecated API and rerunning the exact same paper code.,Agent,Succcess,/workspace/replication_package/src/multiracial_jop/table2_run.log,Agent,Agent,Agent,Succcess,"I reproduced the target by sourcing the paper’s original [multiracial_jop_final2020.R](/workspace/replication_package/src/multiracial_jop_final2020.R:671) through a thin compatibility wrapper, [run_full_paper_with_compat.R](/workspace/replication_package/src/run_full_paper_with_compat.R). The wrapper only handled environment issues: local `.libPaths()`, the missing published `packageurl2` variable, and legacy `dplyr` shims needed for `Zelig 5.1.6` and `ZeligChoice 0.9-6`.",Agent,Succcess,"
Agent: I consider the replication target reproduced: this is the exact row generated by the paper’s code for that Table 2 comparison. Generated outputs and plots are in [multiracial_jop](/workspace/replication_package/src/multiracial_jop); the successful run log is [full_script_run_attempt3.log]
```text
lower95 = 0.0163837040212635
lower90 = 0.024696423972067
mean    = 0.0673939049271193
upper90 = 0.109604629831138
upper95 = 0.118270962091253
```",Agent,Succcess,
4/27/2026 8:29:40,dropmessage unifying random dropping for graph neural networks,https://github.com/zjunet/DropMessage,AI Conferences,D,,Docker instance with pre-installed libraries,4/26/2026,2:43:00 PM,4:23:00 PM,Manual,GPU: A40 48GB VRAM CPU: Intel(R) Xeon(R) Gold 6342 CPU @ 2.80GH,Ubuntu 22.04,,,,,,,,,,,,,Run inference using the GCN-DropMessage Model on PubMed dataset with random seed from Table 2,79.2,79.8,✗ Fail,,99,,,,,,,,,,,,,,,,,,,,,,,,,,,,,,,,,,,,https://docent.transluce.org/dashboard/f8c8caac-c48e-4d00-aa23-fd9f8bdae589/agent_run/281c6510-e3dd-4bca-b1c2-adae0a8fbb24?transcript_id=4426289a-f377-40f9-9587-cb4aca918e93,,,,,,,,,,,,,,,,,,,,,,,,,,,,,,,,,,,,,,,,,,,,
4/27/2026 8:48:04,latxa an open language model and evaluation suite for basque,https://github.com/hitz-zentroa/latxa,AI Conferences,E,gpt-5.4-codex with extra high thinking,Docker instance with pre-installed libraries,4/25/2026,8:41:00 PM,9:47:00 PM,AI-assisted,GPU: A40 48GB VRAM CPU: Intel(R) Xeon(R) Gold 6342 CPU @ 2.80GH,Ubuntu 22.04,Finding the correct commit corresponding to replication target.,Agent,"Agent: The PDF confirms Table 1 exactly: `Latxa 7B` gets `30.26` on `EusProf`. Since the current `main` branch ships different scores, I’m tracing the repo history and evaluation stack to find the paper-era code/data/model combination that actually produced Table 1.",No,,,,,,,,,Performance of Latxa 7B on EusProf (Table 1): ,30.26,"Run1: 32.21125943122461, Run2: 32.21125943122461, Run3: 32.21125943122461",✗ Fail,"Results do not match within error tolerance, Agent did not reseed runs and therefore produced exact same results across runs.",66.55,1. Agent did all the work on its own,"1. Navigating readme and necessary associated files quickly to understand requirements, 2. Environment setup, 3. Downloading data, 5. Running code, 6. Debugging errors from running code as is","8. Providing the final answer, ",,,,,,,,,,Missing directory in input parameter,Agent,Fixed parameter and reattempted evaluation,No,,,,,,,,,,,,,,,,,,,,https://docent.transluce.org/dashboard/575a4e6d-14be-4992-a8a2-7a40fd4270b7/agent_run/019dc7e2-b921-7bd1-ba33-6c59d820f229?transcript_id=d4f5b4e2-4bd2-47c3-bb5b-c1a87c022874,Succcess,,Succcess,Agent,Succcess,Succcess,Succcess,Succcess,Succcess,Succcess,Agent,Agent,Agent,Agent,Agent,"Agent: The PDF confirms Table 1 exactly: `Latxa 7B` gets `30.26` on `EusProf`. Since the current `main` branch ships different scores, I’m tracing the repo history and evaluation stack to find the paper-era code/data/model combination that actually produced Table 1.
",Pre-trained models obtained.,"Agent tested import before running any inference tasks.

Agent:
I have the model locally now. Before committing to the full 5,169-item evaluation, I’m doing a small `--limit 5` harness run with the exact paper-style command shape to flush out any runtime issues cleanly.",Installed within venv.,"Agent: I’ve verified the repo’s shipped JSONs do not match the requested `30.26` directly: `latxa-7b-v1` is `28.18727026504159` and `latxa-7b-v1.1` is `32.44341265235055`. Before I run the harness, I’m checking the paper text and the machine’s available GPU/runtime so I can target the right model variant instead of guessing.

The Latxa repo doesn’t vendor the LM Eval task definitions, so the exact harness version matters. I’m checking out the EleutherAI harness at the commit recorded in the repo’s result JSONs (`75a76af`) and verifying which task definitions and dataset revisions it used.",Inspected README.md for necessary dependencies for replication target,Succcess,Agent found evaluator.py,Succcess,Agent,Succcess,,Agent,Succcess,"Agent:
The first full-run launch failed immediately at the shell level, before evaluation started. I’m checking the log and correcting the command wrapper; this is an environment issue, not a model or dataset issue.

Fixed input parameters:
exec_command(cmd=source /workspace/repro/env/bin/activate && export HF_HOME=/workspace/repro/cache/huggingface && export TRANSFORMERS_CACHE=/workspace/repro/cache/huggingface/transformers && export HF_DATASETS_CACHE=/workspace/repro/cache/huggingface/datasets && export TOKENIZERS_PARALLELISM=false && cd /workspace/lm-evaluation-harness && time python -m lm_eval --model hf --model_args pretrained=/workspace/repro/models/HiTZ__latxa-7b-v1.1,tokenizer=/workspace/repro/models/HiTZ__latxa-7b-v1.1 --tasks eus_proficiency --device cuda:0 --output_path /workspace/repro/outputs/run1_seed_default --num_fewshot 5 --log_samples > /workspace/repro/logs/run1_seed_default.log 2>&1, workdir=/workspace, yield_time_ms=1000, max_output_tokens=2000)",Agent,Succcess,"Agent:
exec_command(cmd=tail -n 60 /workspace/repro/logs/run1_seed_default.log, workdir=/workspace, yield_time_ms=1000, max_output_tokens=4000)",Agent,Agent,Agent,Succcess,"Agent:
Using your prediction-interval function on the three reproduced percentages:

- Mean: `32.21125943122461`
- 95% prediction interval: [`32.21125943122461`, `32.21125943122461`]
- `30.26` is outside that interval",Agent,Succcess,Outside interval.,Agent,Partial succes,Agent did not reseed runs to create independence. 
4/27/2026 8:58:42,informer beyond efficient transformer for long sequence timeseries forecasting,https://github.com/zhouhaoyi/Informer2020,AI Conferences,E,,Docker instance with pre-installed libraries,4/26/2026,6:39:00 AM,7:42:00 AM,Manual,GPU: A40 48GB VRAM CPU: Intel(R) Xeon(R) Gold 6342 CPU @ 2.80GH,Ubuntu 22.04,,,,,,,,,,,,,MSE of the Informer on the ETT h1 dataset with 24 counts (from Table 2 of the paper): ,0.577,"Run1: 0.5514790415763855, Run2: 0.5545440912246704, Run3: 0.5835949778556824 ",≈ Within tolerance interval,,66.3,,,,,,,,,,,,,,,,,,,,,,,,,,,,,,,,,,,,https://docent.transluce.org/dashboard/575a4e6d-14be-4992-a8a2-7a40fd4270b7/agent_run/6a584859-39a0-426b-870f-fc9d9d4ad9ad?transcript_id=dd4dfd45-6d0c-4e14-b4f0-62f25e4119ea,,,,,,,,,,,,,,,,,,,,,,,,,,,,,,,,,,,,,,,,,,,,
4/27/2026 9:14:22,policy deliberation and voter persuasion experimental evidence from an election in the philippines,https://dataverse.harvard.edu/dataset.xhtml?persistentId=doi:10.7910/DVN/S3HACJ,I4R,E,gpt-5.4-codex with extra high thinking,Docker instance with pre-installed libraries,4/26/2026,8:41:00 AM,9:03:00 AM,AI-assisted,GPU: A40 48GB VRAM CPU: Intel(R) Xeon(R) Gold 6342 CPU @ 2.80GH,Ubuntu 22.04,"Agent:
The first run failed on a real compatibility issue: the analysis package `ri` has been removed from current CRAN for R 4.5. I’m pinning an archived/source-compatible version rather than altering the analysis scripts.",Agent,"Install missing dependencies. 

Agent updated plan:
update_plan(explanation=The R environment is now compatible with the archived replication stack, including pinned legacy packages that current CRAN no longer serves directly.",No,,,,,,,,,ITT of the Vote (Akbayan) (from Table 1 in the paper): ,1.955,1.955,✓ Match,,22.72,1. Agent did all the work on its own,"2. Environment setup, 4. Identifying main scripts, 5. Running code, 6. Debugging errors from running code as is",,,,,,,,,,,Agent encountered dependency compatibility errors during execution.,Agent,"Agent:
The second run hit a modern-dplyr compatibility break after Table 1 generation: `dplyr::as.tbl()` now errors instead of warning. This is still within the allowed compatibility-only scope, so I’m locating every `as.tbl` call and patching those to the current equivalent without changing any analysis logic.
",No,,,,,,,,,"Agent:
I found that my helper file for the raw target value got overwritten by a later appendix table inside `main_agg.R`. I’m correcting that helper artifact so the saved result bundle points to the actual Table 1 value, not the last table the script touched.",Agent,Fixed any helper code (without altering any scientific code).,No,,,,,,,,https://docent.transluce.org/dashboard/575a4e6d-14be-4992-a8a2-7a40fd4270b7/agent_run/019dca76-3a0a-7381-a64b-23e274588cbf?transcript_id=63facc38-55ce-4b96-bdd5-b93a2a11ca52,Succcess,,Succcess,Agent,Succcess,Succcess,Succcess,Succcess,Succcess,Succcess,Agent,Agent,Agent,Agent,Agent,,,,,R,No README.md,Succcess,/workspace/repro/package/code/aggregate/main_agg.R,Succcess,Agent,Succcess,,Agent,Succcess,"The second run hit a modern-dplyr compatibility break after Table 1 generation: `dplyr::as.tbl()` now errors instead of warning. This is still within the allowed compatibility-only scope, so I’m locating every `as.tbl` call and patching those to the current equivalent without changing any analysis logic.
",Agent,Succcess,,Agent,Agent,Agent,Succcess,/workspace/repro/run_logs/main_agg_attempt1.log,Agent,Succcess,,Agent,Succcess,
4/27/2026 9:18:19,reliable conflictive multiview learning,https://github.com/jiajunsi/RCML,AI Conferences,E,,Docker instance with pre-installed libraries,4/26/2026,11:58:00 AM,12:28:00 PM,Manual,GPU: A40 48GB VRAM CPU: Intel(R) Xeon(R) Gold 6342 CPU @ 2.80GH,Ubuntu 22.04,,,,,,,,,,,,,Conflictive test-set accuracy of the ECML model on the Scene15 dataset (from Table 3 in the paper): ,56.97 ± 0.52%,"Run1: 0.5987, Run2: 0.6109, Run3: 0.5998",≈ Within tolerance interval,,30.33,,,,,,,,,,,,,,,,,,,,,,,,,,,,,,,,,,,,https://docent.transluce.org/dashboard/575a4e6d-14be-4992-a8a2-7a40fd4270b7/agent_run/4de0e8fb-e8ad-4a8c-99d4-1799ed824b73?transcript_id=821fb218-cf53-4a2b-b088-0c97d53f5323,,,,,,,,,,,,,,,,,,,,,,,,,,,,,,,,,,,,,,,,,,,,
4/27/2026 9:39:39,talking shops the effects of caucus discussion on policy coalitions,https://dataverse.harvard.edu/dataset.xhtml?persistentId=doi:10.7910/DVN/S3M5AX,I4R,B,gpt-5.4-codex with extra high thinking,Docker instance with pre-installed libraries,4/26/2026,4:16:00 PM,4:26:00 PM,AI-assisted,GPU: A40 48GB VRAM CPU: Intel(R) Xeon(R) Gold 6342 CPU @ 2.80GH,Ubuntu 22.04,,,,,,,,,,,,,"Estimated Deliberation Effects on Cosponsorship (in pp) for the group with ""Attended meetings?"" = ""Yes"" and ""Sponsor’s party?"" = ""No"" (Table 4): 5.9",5.9,5.9,✓ Match,,10,1. Agent did all the work on its own,"2. Environment setup, 5. Running code",,,,,,,,,,,,,,,,,,,,,,,,,,,,,,,,,,https://docent.transluce.org/dashboard/ae174ea5-4691-4221-8b06-5c55519d2494/agent_run/019dcc13-6921-7c71-b58a-15af9f0790af,Succcess,,Succcess,Agent,Succcess,Succcess,Succcess,Succcess,Succcess,Succcess,Agent,Agent,Agent,Agent,Agent,,,,,,,Succcess,,Succcess,Agent,Succcess,,Agent,Succcess,,Agent,Succcess,,Agent,Agent,Agent,Succcess,,Agent,Succcess,,Agent,Succcess,
4/27/2026 9:47:59,entertaining beliefs in economic mobility,https://doi.org/10.1111/ajps.12702,I4R,D,gpt-5.4-codex with extra high thinking,Docker instance with pre-installed libraries,4/26/2026,5:22:00 PM,5:35:00 PM,AI-assisted,GPU: A40 48GB VRAM CPU: Intel(R) Xeon(R) Gold 6342 CPU @ 2.80GH,Ubuntu 22.04,,,,,,,,,,,,,"Estimated coefficient of the Rags-to-Riches TV Treatment on belief in economic mobility in the lab-in-the-field sample (Table 1, Column 5 in the paper)",0.068,0.06808533905,✗ Fail,,14,1. Agent did all the work on its own,"1. Navigating readme and necessary associated files quickly to understand requirements, 2. Environment setup, 3. Downloading data, 4. Identifying main scripts, 5. Running code, 6. Debugging errors from running code as is, 7. Making the most appropriate choice to adjust code to run correctly",,,,,,,,,,,,,,,,,,,,,,,,,,,,,,,,,,https://docent.transluce.org/dashboard/f8c8caac-c48e-4d00-aa23-fd9f8bdae589/agent_run/019dcc51-9891-7620-b863-415ed08ade77?transcript_id=35cd959c-8cdb-4fe6-be42-b0c81b532b69,Succcess,,Succcess,Agent,Succcess,Succcess,Succcess,Succcess,Succcess,Succcess,Agent,Agent,Agent,Agent,Agent,,,,,,,Succcess,,Succcess,Agent,Succcess,,Agent,Succcess,,Agent,Succcess,,Agent,Agent,Agent,Succcess,,Agent,Succcess,,Agent,Succcess,
4/27/2026 10:53:05,antinormative messaging group cues and the nuclear ban treaty,https://dataverse.harvard.edu/dataset.xhtml;jsessionid=5bc4beb0bd5aef9d7a5ba5284fc6?persistentId=doi%3A10.7910%2FDVN%2FGLT4FX&version=&q=&fileTypeGroupFacet=%22Text%22&fileAccess=&fileSortField=size,I4R,E,gpt-5.4-codex with extra high thinking,Docker instance with pre-installed libraries,4/26/2026,12:45:00 PM,12:57:00 PM,AI-assisted,GPU: A40 48GB VRAM CPU: Intel(R) Xeon(R) Gold 6342 CPU @ 2.80GH,Ubuntu 22.04,,,,,,,,,,,,,"Estimated treatment effect of the Institution Cue on support for TPNW (Appendix Table H1, Model 2): ",-19.2 percentage points,-0.1924147148,✓ Match,,12.8,1. Agent did all the work on its own,"1. Navigating readme and necessary associated files quickly to understand requirements, 2. Environment setup, 3. Downloading data, 5. Running code, 6. Debugging errors from running code as is","1. Understanding the initial prompt, 3. Setting up environment as directed in readme or repository, 5. Identifying correct scripts needed for reproducing, 8. Providing the final answer",,,,,,,,,,"Agent:
The failure is in data ingestion, not the analysis logic. Dataverse served `tpnw_aware_raw.csv` in its tabular-export form, but the author code expects the original comma-separated file, so I’m replacing that one download with the original-format asset and rerunning unchanged code.

I confirmed the issue: the file had tab separators before replacement and comma separators after replacement. I’m preserving the failed first-attempt logs, then rerunning the same author entrypoint against the corrected original-format data file.",Agent,Target dataset change.,No,,,,,,,,,,,,,,,,,,,,https://docent.transluce.org/dashboard/575a4e6d-14be-4992-a8a2-7a40fd4270b7/agent_run/019dcb53-eac0-7a63-84d6-2288afda4957?transcript_id=2ac40d23-0139-459b-8b53-c98408e46d77,Succcess,R,Succcess,Agent,Succcess,Succcess,Succcess,Succcess,Succcess,Succcess,Agent,Agent,Agent,Agent,Agent,,,,,,"R, no README.md",Succcess,scripts/run_hbg_replication.R,Succcess,Agent,Partial succes,"First run failed.

Agent:
The first batch run failed immediately. I’m reading the batch log and any partial replication logs to isolate whether this is an environment compatibility issue or a missing runtime asset. ",Agent,Succcess,,Agent,Succcess,Agent found output files to troubleshoot run failures.,Agent,Agent,Agent,Succcess,"Agent:
The rerun is still in progress, which is expected because the scripts do substantial bootstrap work and weighting. I’m letting the author batch job finish, then I’ll extract the exact `institutions_cue` estimate from the generated outputs and saved R objects.
",Agent,Succcess,"Agent:
The batch replication completed successfully. I’m pulling the exact coefficient from both the saved R workspace and the rendered table output, plus the runtime and output inventory, so the reported result is tied back to the actual generated artifacts.

The table file already shows the rounded target at `-19.2` for Model 2. I’m extracting the unrounded coefficient from the saved `RData` object now so the reported reproduction value is the exact machine output, not the rounded LaTeX table entry.
",Agent,Succcess,"Agent:
Reproduction succeeded using the authors’ `scripts/run_hbg_replication.R` entrypoint. The exact reproduced estimate is `main_results$model_2[""institutions_cue"",""coef""] = -0.19241471482010236`, which is `-19.24147148201023683` percentage points. Rounded to one decimal place, that is `-19.2`, matching the paper’s Appendix Table H1, Model 2 target, so I did not run the extra prediction-interval reruns."
4/27/2026 15:39:14,yellow vests pessimistic beliefs and carbon tax aversion,https://github.com/thomasdouenne/yellow_vests_aej_ep,I4R,C,,Docker instance with pre-installed libraries,4/26/2026,4:44:00 PM,11:25:00 PM,Manual,GPU: A40 48GB VRAM CPU: Intel(R) Xeon(R) Gold 6342 CPU @ 2.80GH,Ubuntu 22.04,,,,,,,,,,,,,OLS for Yellow Vests: supports - 0.108 (0.026) from Table 2,0.108 (0.026),failed to obtain value,✗ Fail,,180,,,,,,,,,,,,,,,,,,,,,,,,,,,,,,,,,,,,"(Consists of two Dosent logs, total 3hours for the actual work)https://docent.transluce.org/collection/dab7d828-fce2-43aa-97a6-edea3f8fc179,  https://docent.transluce.org/collection/dab7d828-fce2-43aa-97a6-edea3f8fc179",,,,,,,,,,,,,,,,,,,,,,,,,,,,,,,,,,,,,,,,,,,,
4/27/2026 11:48:48,latxa an open language model and evaluation suite for basque,https://github.com/hitz-zentroa/latxa,AI Conferences,B,gpt-5.4-codex with extra high thinking,Docker instance with pre-installed libraries,4/26/2026,6:14:00 PM,7:36:00 PM,AI-assisted,GPU: A40 48GB VRAM CPU: Intel(R) Xeon(R) Gold 6342 CPU @ 2.80GH,Ubuntu 22.04,,,,,,,,,,,,,Performance of Latxa 7B on EusProf (Table 1): 30.26 ,30.26,28.48,✗ Fail,,83,1. Agent did all the work on its own,"1. Navigating readme and necessary associated files quickly to understand requirements, 2. Environment setup, 4. Identifying main scripts, 5. Running code, 10. Finding an alternative more efficient approach",,,,,,,,,,,,,,,,,,,,,,,,,,,,,,,,,,https://docent.transluce.org/dashboard/ae174ea5-4691-4221-8b06-5c55519d2494/agent_run/019dcc7d-35c4-72d2-8873-c73bc253638f,Succcess,,Succcess,Agent,Succcess,Succcess,Succcess,Succcess,Succcess,Succcess,Agent,Agent,Agent,Agent,Agent,,,,,,,Succcess,,Succcess,Agent,Succcess,,Agent,Succcess,,Agent,Succcess,,Agent,Agent,Agent,Succcess,,Agent,Succcess,,Agent,Succcess,
4/27/2026 11:49:18,indecent disclosures anticorruption reforms and political selection,https://dataverse.harvard.edu/dataset.xhtml?persistentId=doi:10.7910/DVN/KDUMRM,I4R,A,gpt-5.4-codex with extra high thinking,Docker instance with pre-installed libraries,4/26/2026,12:15:00 AM,12:26:00 AM,AI-assisted,GPU: A40 48GB VRAM CPU: Intel(R) Xeon(R) Gold 6342 CPU @ 2.80GH,Ubuntu 22.04,,,,,,,,,,,,,Treatment group × Second period election in Table 1,0.057 (0.015),-0.05684372924097043 (0.01504388016242740),✓ Match,,13,1. Agent did all the work on its own,"1. Navigating readme and necessary associated files quickly to understand requirements, 2. Environment setup, 3. Downloading data, 4. Identifying main scripts, 5. Running code, 7. Making the most appropriate choice to adjust code to run correctly",,,,,,,,,,,,,,,,,,,,,,,,,,,,,,,,,,"https://docent.transluce.org/collection/d1a06242-b68b-4597-89df-e845e2e1c058 (NB: The script confirmed the upload under that URL, but it's still 404 right now.)",Succcess,Used https://console.runpod.io/deploy?type=GPU&gpu=A40&count=1&template=071bthitdg and manually selected Volume disk with 0GB,Succcess,Agent,Succcess,Succcess,Succcess,Succcess,Succcess,Succcess,Agent,Agent,Agent,Agent,Agent,,,,,,,Succcess,,Succcess,Agent,Succcess,,Agent,Succcess,,Agent,Succcess,,Agent,Agent,Agent,Succcess,,Agent,Succcess,,Agent,Succcess,no discrepancies
4/27/2026 11:56:58,cant we all just get along how women mps can ameliorate affective polarization in western publics,https://dataverse.harvard.edu/dataset.xhtml?persistentId=doi:10.7910/DVN/AHQRVR,I4R,A,gpt-5.4-codex with extra high thinking,Docker instance with pre-installed libraries,4/26/2026,6:57:00 PM,7:05:00 PM,AI-assisted,GPU: A40 48GB VRAM CPU: Intel(R) Xeon(R) Gold 6342 CPU @ 2.80GH,Ubuntu 22.04,,,,,,,,,,,,,Out-party j's proportion of women MPs (t-1) women partisans (from Table 1 in the paper) coefficient,2.1,2.09669845,✓ Match,,10,1. Agent did all the work on its own,"1. Navigating readme and necessary associated files quickly to understand requirements, 2. Environment setup, 3. Downloading data, 4. Identifying main scripts, 5. Running code",,"a very smooth run by the agent
NB: finish-session script failed due to ""'"" in the paper title, I tried to fix it (see Slack)",,,,,,,,,,,,,,,,,,,,,,,,,,,,,,,,https://docent.transluce.org/dashboard/d1a06242-b68b-4597-89df-e845e2e1c058/agent_run/019dcca7-d0cd-7c53-8f15-23cd1375e613?transcript_id=2a4dcc75-c3ce-4c9d-a6d8-9d85e3a56057,Succcess,,Succcess,Agent,Succcess,Succcess,Succcess,Succcess,Succcess,Succcess,Agent,Agent,Agent,Agent,Agent,,,,,,,Succcess,,Succcess,Agent,Succcess,,Agent,Succcess,,Agent,Succcess,,Agent,Agent,Agent,Succcess,,Agent,Succcess,,Agent,Succcess,no discrepancies
4/27/2026 15:16:01,multiracial identity and political preferences,https://dataverse.harvard.edu/dataset.xhtml?persistentId=doi:10.7910/DVN/BLVJJH,I4R,D,gpt-5.4-codex with extra high thinking,Docker instance with pre-installed libraries,4/26/2026,10:09:00 PM,10:47:00 PM,AI-assisted,GPU: A40 48GB VRAM CPU: Intel(R) Xeon(R) Gold 6342 CPU @ 2.80GH,Ubuntu 22.04,,,,,,,,,,,,,"Figure 1, Are White-Blacks more conservative or more liberal than Blacks whn it comes to police perceptions",More conservative,Less conservative,✗ Fail,,45,1. Agent did all the work on its own,"1. Navigating readme and necessary associated files quickly to understand requirements, 2. Environment setup, 3. Downloading data, 4. Identifying main scripts, 5. Running code, 6. Debugging errors from running code as is, 7. Making the most appropriate choice to adjust code to run correctly, 8. Identifying deprecated code/requirements and quickly finding fixes",minor output formatting issue: `texreg` which isn't a main reproduction of the core science logic issue,,,,,,,,,,,,,,,,,,,,,,,,,,,,,,,,,https://docent.transluce.org/dashboard/f8c8caac-c48e-4d00-aa23-fd9f8bdae589/agent_run/019dcd58-8a2e-73a0-86e9-81140dfc8da1?transcript_id=b7b5b578-842d-40d3-acd0-fd66b4a0ddda,Succcess,,Succcess,Agent,Succcess,Succcess,Succcess,Succcess,Succcess,Succcess,Agent,Agent,Agent,Agent,Agent,,,,,,,Succcess,,Succcess,Agent,Succcess,,Agent,Succcess,,Agent,Succcess,,Agent,Agent,Agent,Succcess,Agent responded with the actual numbers. Agent also specified by answering the question -- more conservative or not based on its own results (not more conservative) and compared to the paper's . ,Agent,Succcess,NOTE: the task is framed as a question -- different from how the rest of the RCT was framed,Agent,Succcess,
4/27/2026 15:56:57,decentralization can increase cooperation among public officials,https://dataverse.harvard.edu/dataset.xhtml?persistentId=doi:10.7910/DVN/ZLHYSZ,I4R,D,,Docker instance with pre-installed libraries,4/26/2026,11:27:00 PM,11:48:00 PM,Manual,GPU: A40 48GB VRAM CPU: Intel(R) Xeon(R) Gold 6342 CPU @ 2.80GH,Ubuntu 22.04,,,,,,,,,,,,,"Coefficient for Decentralized in the Weighted Poisson regression Full Model for ""Strong Ties (Prop. Friends)"" (Table 3)",1.07,1.07,✓ Match,,36,,,,,,,,,,,,,,,,,,,,,,,,,,,,,,,,,,,,https://docent.transluce.org/dashboard/f8c8caac-c48e-4d00-aa23-fd9f8bdae589/agent_run/d9a12c40-a71f-4c35-98af-a55026dd0399?transcript_id=f0dd47e0-dd48-4d4e-8cb2-bbefb9ead4f1,,,,,,,,,,,,,,,,,,,,,,,,,,,,,,,,,,,,,,,,,,,,
4/27/2026 16:18:08,multiwoz a largescale multidomain wizardofoz dataset for taskoriented dialogue modelling,https://github.com/budzianowski/multiwoz,AI Conferences,B,,Docker instance with pre-installed libraries,4/26/2026,10:15:00 PM,12:15:00 AM,Manual,GPU: A40 48GB VRAM CPU: Intel(R) Xeon(R) Gold 6342 CPU @ 2.80GH,Ubuntu 22.04,,,,,,,,,,,,,"Run preprocessing pipeline to reproduce # Dialogues in MultiWoz Training Split - 8,438 from Table 1",8438,NA,✗ Fail,,180,,,,,,,,,,,,,,,,,,,,,,,,,,,,,,,,,,,,https://docent.transluce.org/dashboard/ae174ea5-4691-4221-8b06-5c55519d2494/agent_run/570df0a9-2dce-4450-961e-8a55fca92fb5,,,,,,,,,,,,,,,,,,,,,,,,,,,,,,,,,,,,,,,,,,,,
4/27/2026 17:32:51,yellow vests pessimistic beliefs and carbon tax aversion,https://github.com/thomasdouenne/yellow_vests_aej_ep,I4R,A,gpt-5.4-codex with extra high thinking,Docker instance with pre-installed libraries,4/27/2026,11:46:00 PM,12:34:00 AM,AI-assisted,GPU: A40 48GB VRAM CPU: Intel(R) Xeon(R) Gold 6342 CPU @ 2.80GH,Ubuntu 22.04,"""package ‘oglmx’ is not available for this version of R"" (and similar for others)",Agent,removed as unnecessary for replication target,No,,,,,,,,,"OLS for ""Yellow Vests: supports"" from Table 2",0.108 (0.026),0.10753475990812734 (0.026235837752667631),✓ Match,,48,"Agent wasted a lot of time going down the wrong path, but eventually stopped to check in with the human (as requested in the prompt, if a bit late), to suggest an alternative approach, which worked after approval by the human","1. Navigating readme and necessary associated files quickly to understand requirements, 2. Environment setup, 3. Downloading data, 4. Identifying main scripts, 5. Running code, 6. Debugging errors from running code as is, 8. Identifying deprecated code/requirements and quickly finding fixes, 9. Catching potential issues proactively (e.g., noticing a bug in the code before it caused a major error), 10. Finding an alternative more efficient approach, 11. Interpreting intermediate results intelligently so that it could move on quickly to next steps","7. Making an inappropriate adjustment to the source code for compatibility, Spending too much time going down a wrong path before stopping and checking in with the user.","It was still somewhat impressive seeing the agent work its way through resolving the problems resulting from its initial wrong choice, and the eventual successful option went smoothly. Still, the could have saved over half an hour by following the README instructions (on the required R version etc.) more closely from the beginning.",The older version of the memisc package specified in the requirements didn't compile with the current R version used (the authors kind of warn about this in the README and the code),Agent,Agent,Missing R package with system level dependency (libmagick),Agent patched memisc C source,Agent installed it including system dependency,No,No,The code hit a difficult looking bug involving exhaustion of the C stack.,Agent,"The agent stopped to check in with the user (as requested in the prompt), and suggested resorting to the older R version specified in the README, which worked after approval by the analyst",Yes,,,,,,,,,,,,,,,,,,,,https://docent.transluce.org/dashboard/d1a06242-b68b-4597-89df-e845e2e1c058/agent_run/019dcdaf-fba6-7be1-b315-0f7c992d15c2?transcript_id=13649598-f695-4886-aa01-73a8bf90c302,Succcess,,Succcess,Agent,Succcess,Succcess,Succcess,Succcess,Succcess,Succcess,Agent,Agent,Agent,Agent,Agent,,,,"Agent put lots of work into trying to get the code to work with a current R version, including fixing broken dependencies or removing them when not necessary for the replication target, but eventually resorted to the R version specified in the README.",,,Succcess,,Succcess,Agent,Succcess,,Agent,Partial succes,"After going off a deep end and spending over half an hour trying to get the code to run on a current R version, eventually hitting a difficult looking bug involving exhaustion of the C stack, the agent stopped to check in with the user (as requested in the prompt), and suggested resorting to the older R version specified in the README, which worked. Cf. blockers",Agent,Succcess,,Agent,Agent,Agent,Succcess,,Agent,Succcess,,Agent,Succcess,no discrepancies occurred
4/28/2026 3:29:51,cant we all just get along how women mps can ameliorate affective polarization in western publics,https://dataverse.harvard.edu/dataset.xhtml?persistentId=doi:10.7910/DVN/AHQRVR,I4R,B,,Docker instance with pre-installed libraries,4/27/2026,11:15:00 AM,11:24:00 AM,Manual,GPU: A40 48GB VRAM CPU: Intel(R) Xeon(R) Gold 6342 CPU @ 2.80GH,Ubuntu 22.04,,,,,,,,,,,,,Out-party j's proportion of women MPs (t-1) women partisans (from Table 1 in the paper) coefficient: 2.1,2.1,2.1,✓ Match,,9,,,,,,,,,,,,,,,,,,,,,,,,,,,,,,,,,,,,https://docent.transluce.org/dashboard/ae174ea5-4691-4221-8b06-5c55519d2494/agent_run/eb9269a6-7e95-4bff-965b-343863e1ab1e,,,,,,,,,,,,,,,,,,,,,,,,,,,,,,,,,,,,,,,,,,,,
4/28/2026 6:42:21,changing tides public attitudes on climate migration,https://dataverse.harvard.edu/dataset.xhtml;jsessionid=e19065118cc12d43f1b412109d41?persistentId=doi%3A10.7910%2FDVN%2FFDML2N&version=&q=&fileAccess=&fileTag=&fileSortField=name&fileSortOrder=desc,I4R,E,,Docker instance with pre-installed libraries,4/26/2026,1:22:00 PM,2:36:00 PM,Manual,GPU: A40 48GB VRAM CPU: Intel(R) Xeon(R) Gold 6342 CPU @ 2.80GH,Ubuntu 22.04,,,,,,,,,,,,,"Table 2, ""In the German sample, what is the AMCE for flooding as a reason for migration compared to economic opportunity?"": ",0.086,N/A - Failed at Error in cjoint::amce(selected ~ Gender + Language.Fluency + Occupation +  :   Error: user supplied baseline Keine is not a level of Vulnerability. Error in scientific code.,✗ Fail,,67.72,,,,,,,,,,,,,,,,,,,,,,,,,,,,,,,,,,,,https://docent.transluce.org/dashboard/575a4e6d-14be-4992-a8a2-7a40fd4270b7/agent_run/9ccd854f-9413-4303-9159-d37b3caa9e55?transcript_id=4715d86b-fbaf-4464-a997-1b48e3bb6a02,,,,,,,,,,,,,,,,,,,,,,,,,,,,,,,,,,,,,,,,,,,,
4/28/2026 7:21:57,cant we all just get along how women mps can ameliorate affective polarization in western publics,https://dataverse.harvard.edu/dataset.xhtml?persistentId=doi:10.7910/DVN/AHQRVR,I4R,E,,Docker instance with pre-installed libraries,4/27/2026,2:55:00 PM,3:07:00 PM,Manual,GPU: A40 48GB VRAM CPU: Intel(R) Xeon(R) Gold 6342 CPU @ 2.80GH,Ubuntu 22.04,,,,,,,,,,,,,Out-party j's proportion of women MPs (t-1) women partisans (from Table 1 in the paper) coefficient: ,2.1,2.097,✓ Match,,12,,,,,,,,,,,,,,,,,,,,,,,,,,,,,,,,,,,,https://docent.transluce.org/dashboard/575a4e6d-14be-4992-a8a2-7a40fd4270b7/agent_run/f0d250de-be59-424d-bb2f-5ed80e990846?transcript_id=5213aafe-4340-4606-8266-cf03ee9d7462,,,,,,,,,,,,,,,,,,,,,,,,,,,,,,,,,,,,,,,,,,,,
4/28/2026 9:50:19,dropmessage unifying random dropping for graph neural networks,https://github.com/zjunet/DropMessage,AI Conferences,C,gpt-5.4-codex with extra high thinking,Docker instance with pre-installed libraries,4/27/2026,3:47:00 PM,4:53:00 PM,AI-assisted,GPU: A40 48GB VRAM CPU: Intel(R) Xeon(R) Gold 6342 CPU @ 2.80GH,Ubuntu 22.04,,,,,,,,,,,,,Run inference using the GCN-DropMessage Model on PubMed dataset with random seed - 79.20 from Table 2,79.2,78.67,≈ Within tolerance interval,,62,8. Agent completed task but required significant scope clarification upfront,"1. Navigating readme and necessary associated files quickly to understand requirements, 2. Environment setup, 3. Downloading data, 4. Identifying main scripts, 5. Running code, 9. Catching potential issues proactively (e.g., noticing a bug in the code before it caused a major error), 10. Finding an alternative more efficient approach, 11. Interpreting intermediate results intelligently so that it could move on quickly to next steps","8. Providing the final answer, 17. Failure to follow instructions, Forgot the original instructions and the goal by rescoping/redirecting the job.",,,,,,,,,,,,,,,,,,,,,,The agent did not autonomously investigate the discrepancies.,Agent,Human researcher asked agent to analyze the discrepancies.,Yes,Agent misinterpreted the instructions and ran models with hyperparameters in the repo.,Human researcher advised the agent to follow the original instructions provided in the prompt: reproduce paper results,Yes,"After rerunning the model, agent only provided the result, instead of following the instruction (e.g. conclude if the reproduction succeeded/failed)",Agent,Human researcher asked agent to follow the instruction and to investigate the result. ,Yes,Agent Run: 019dd122-ae7d-7de0-9ff7-542e665ea6eb at https://docent.transluce.org/dashboard/dab7d828-fce2-43aa-97a6-edea3f8fc179,Succcess,,Succcess,Agent,Succcess,Succcess,Succcess,Succcess,Succcess,Succcess,Agent,Agent,Agent,Agent,Agent,,,,,,,Succcess,,Succcess,Agent,Succcess,,Agent,Succcess,,Agent,Succcess,,Agent,Agent,Agent,Succcess,,Agent,Succcess,,Both,Succcess,"The agent did not autonomously investigate the discrepancies, requiring intervention from a human researcher. During the investigation, it became clear that the agent had misinterpreted the instructions and followed the hyperparameters specified in the repository rather than those described in the paper. This issue was only identified after the investigation, which led to retraining the model.

The agent initially performed only a single rerun and reported the discrepancy with the paper’s value. The human researcher then advised the agent to follow the original instructions provided in the prompt."
4/28/2026 12:00:32,semisupervised neural protolanguage reconstruction,https://github.com/cmu-llab/dpd,AI Conferences,C,gpt-5.4-codex with extra high thinking,Docker instance with pre-installed libraries,4/27/2026,5:55:00 PM,7:37:00 PM,AI-assisted,GPU: A40 48GB VRAM CPU: Intel(R) Xeon(R) Gold 6342 CPU @ 2.80GH,Ubuntu 22.04,,,,,,,,,,,,,"Table 2, TED of Transformer DPD-ΠM-BST on 10% labeled WikiHan, averaged across all runs in four groups (10 runs per strategy-architecture combination per group): 1.0075",1.0075,1.007526629,✓ Match,,104,2 & 3,"1. Navigating readme and necessary associated files quickly to understand requirements, 2. Environment setup, 3. Downloading data, 4. Identifying main scripts, 5. Running code, 7. Making the most appropriate choice to adjust code to run correctly, 9. Catching potential issues proactively (e.g., noticing a bug in the code before it caused a major error)",Making a decision for the next step,"Although the agent sought human guidance for the next step, it showed reasonable judgment by recognizing the computational cost and avoiding full pretraining, which would have required more than 10 days.",,,,,,,,,"The agent began with a smoke test and then paused to request guidance on next steps, likely recognizing that training all 40 models from scratch would be computationally intensive. ",Agent,"The agent estimated that completing the full training would take over 10 days, which exceeded available resources. Based on this constraint, the agent and the human researcher shifted the approach to using pretrained checkpoints to assess reproducibility.",Yes,,,,,,,,,,,,,,,,,,,,https://docent.transluce.org/dashboard/dab7d828-fce2-43aa-97a6-edea3f8fc179,Succcess,,Succcess,Agent,Succcess,Succcess,Succcess,Succcess,Succcess,Succcess,Agent,Agent,Agent,Agent,Agent,,,,,,,Succcess,,Succcess,Both,Succcess,"The agent began with a smoke test and then paused to request guidance on next steps, likely recognizing that training all 40 models from scratch would be computationally intensive. The smoke test itself was conducted for only a single epoch, so the human researcher asked the agent to estimate the time required for full training.

The agent estimated that completing the full training would take over 10 days, which exceeded available resources. Based on this constraint, the agent and the human researcher shifted the approach to using pretrained checkpoints to assess reproducibility.

The agent evaluated the trade-offs of this approach, including its limitations and benefits, and confirmed that checkpoints for all 40 models were available. It then proceeded with this strategy.",Agent,Succcess,,Agent,Succcess,,Agent,Agent,Agent,Succcess,,Agent,Succcess,,N/A - no results produced,N/A - no results produced,The obtained result matched the paper result.
4/28/2026 12:58:28,beyond accuracy behavioral testing of nlp models with checklist,https://github.com/marcotcr/checklist,AI Conferences,E,gpt-5.4-codex with extra high thinking,Docker instance with pre-installed libraries,4/27/2026,7:45:00 PM,8:29:00 PM,AI-assisted,GPU: A40 48GB VRAM CPU: Intel(R) Xeon(R) Gold 6342 CPU @ 2.80GH,Ubuntu 22.04,Agent ran into dependency conflicts.,Agent,Reverted to previous Python version (3.6/3.7) after suggestion from Human.,Yes,,,,,,,,,"Failure rate of BERT-base on the Sentiment Analysis ""Negated neutral should still be neutral"" MFT (Table 1 in the paper): ",98.40%,98.40%,✓ Match,,44.57,3. Human had to provide a minor suggestion or two to redirect agent on the right path,"1. Navigating readme and necessary associated files quickly to understand requirements, 2. Environment setup, 3. Downloading data, 4. Identifying main scripts, 5. Running code, 6. Debugging errors from running code as is, 8. Identifying deprecated code/requirements and quickly finding fixes, 10. Finding an alternative more efficient approach",6. Making appropriate adjustments for deprecated code,,,,,,,,,,Python version mismatch during Run 1.,Agent,Downgrade to older Python version 3.8.,No,"After failure, downgrade to Python 3.6/3.7.",Agent,"With Human intervention, downgraded to Python 3.6/3.7.",Yes,,,,,,,,,,,,,,,,https://docent.transluce.org/dashboard/575a4e6d-14be-4992-a8a2-7a40fd4270b7/agent_run/019dd1fb-9591-7f51-b884-2e217242d7cb?transcript_id=8f611699-896d-4b5d-81a1-97cc4fe9c61e,Succcess,,Succcess,Agent,Succcess,Succcess,Partial succes,Succcess,Succcess,Succcess,Agent,Agent,Agent,Agent,Agent,,,,"Agent:
Loading the released `sentiment_suite.pkl` fails on Python 3.11 because the dill pickle contains older Python code objects (`TypeError: code expected at least 16 arguments, got 15`). This is an environment compatibility problem with the archived suite, so I’m checking for an older interpreter first before attempting any other workaround.
",,,Succcess,,Succcess,Agent,Partial succes,"Failure in first run:
update_plan(explanation=The first execution path failed because the archived dill suite is not Python 3.11-compatible. I’m switching to Python 3.10, which matches the older pickle format much more closely and is a pure environment-compatibility adjustment., plan=[{""step"":""Clone checklist and inspect the relevant README/notebook files for the sentiment replication path"",""status"":""completed""},{""step"":""Create an isolated Python environment and install the minimum compatible dependencies"",""status"":""in_progress""},{""step"":""Unpack release data and run the released sentiment suite against BERT predictions"",""status"":""pending""},{""step"":""Extract the exact failure rate for the target MFT, save outputs/logs, and verify against the paper target"",""status"":""pending""}])",Agent,Succcess,Agent accurately determined failure and suggested alternative.,Agent,Succcess,,Agent,Agent,Agent,Succcess,"Agent:
Chunk ID: f3da4c
Wall time: 0.3750 seconds
Process exited with code 0
Original token count: 178
Output:
simple negations: not neutral is still neutral
fail_rate 98.4
fails 492
testcases 2496
---
simple negations: I thought x was negative, but it was not (should be neutral or positive)
fail_rate 84.8
fails 424
testcases 2124
---
simple negations: but it was not (neutral) should still be neutral
fail_rate 98.6
fails 493
testcases 804
---
Hard: Negation of positive with neutral stuff in the middle (should be negative)
fail_rate 74.0
fails 370
testcases 1000
---
Hard: Negation of negative with neutral stuff in the middle (should be positive or neutral)
fail_rate 99.8
fails 499
testcases 1000
---
negation of neutral with neutral in the middle, should still neutral
fail_rate 98.2
fails 491
testcases 1000
---",Agent,Succcess,,Agent,Succcess,
4/28/2026 13:21:41,decentralization can increase cooperation among public officials,https://dataverse.harvard.edu/dataset.xhtml?persistentId=doi:10.7910/DVN/ZLHYSZ,I4R,C,gpt-5.4-codex with extra high thinking,Docker instance with pre-installed libraries,4/27/2026,8:32:00 PM,8:42:00 PM,AI-assisted,GPU: A40 48GB VRAM CPU: Intel(R) Xeon(R) Gold 6342 CPU @ 2.80GH,Ubuntu 22.04,,,,,,,,,,,,,"Coefficient for Decentralized in the Weighted Poisson regression Full Model for ""Strong Ties (Prop. Friends)"" (Table 3): 1.07",1.07,1.07410759,✓ Match,,10,1. Agent did all the work on its own,"1. Navigating readme and necessary associated files quickly to understand requirements, 2. Environment setup, 3. Downloading data, 4. Identifying main scripts, 5. Running code",,,,,,,,,,,,,,,,,,,,,,,,,,,,,,,,,,https://docent.transluce.org/dashboard/dab7d828-fce2-43aa-97a6-edea3f8fc179,Succcess,,Succcess,Agent,Succcess,Succcess,Succcess,Succcess,Succcess,Succcess,Agent,Agent,Agent,Agent,Agent,,,,,,,Succcess,,Succcess,Agent,Succcess,,Agent,Succcess,,Agent,Succcess,,Agent,Agent,Agent,Succcess,,Agent,Succcess,,N/A - no results produced,N/A - no results produced,The obtained result matched the paper result. 
4/28/2026 17:37:17,informer beyond efficient transformer for long sequence timeseries forecasting,https://github.com/zhouhaoyi/Informer2020,AI Conferences,C,gpt-5.4-codex with extra high thinking,Docker instance with pre-installed libraries,4/27/2026,10:55:00 PM,12:10:00 AM,AI-assisted,GPU: A40 48GB VRAM CPU: Intel(R) Xeon(R) Gold 6342 CPU @ 2.80GH,Ubuntu 22.04,,,,,,,,,,,,,MSE of the Informer on the ETT h1 dataset with 24 counts (from Table 2 of the paper): 0.577,0.577,0.5452116728,≈ Within tolerance interval,,73,3. Human had to provide a minor suggestion or two to redirect agent on the right path,"1. Navigating readme and necessary associated files quickly to understand requirements, 2. Environment setup, 3. Downloading data, 4. Identifying main scripts, 5. Running code",10. Losing track of context,,,,,,,,,,,,,,,,,,,,,,,,,,,,,,,,, https://docent.transluce.org/dashboard/dab7d828-fce2-43aa-97a6-edea3f8fc179,Succcess,,Succcess,Agent,Succcess,Succcess,Succcess,Succcess,Succcess,Succcess,Agent,Agent,Agent,Agent,Agent,,,,,,,Succcess,,Succcess,Agent,Succcess,,Agent,Succcess,,Agent,Succcess,,Agent,Agent,Agent,Succcess,,Agent,Succcess,,Both,Succcess,"The agent required human guidance to investigate discrepancies between its results and those reported in the paper. During this process, it discovered that multiple versions of the repository existed, and the human advised selecting the version that most closely matched the one used in the paper.

Furthermore, the agent did not fully follow the original instruction.Instead of running the model two additional times with different random seeds and computing the corresponding interval, it used a repository configuration that prescribed five runs. It then calculated the mean and interval from these five values. The second human intervention was to redirect the agent to follow the original instructions.

After further human intervention, the agent corrected its approach. It selected the repository version that best aligned with the paper, attempt two more times, and followed the original experimental instructions more closely. This led to partial success in reproducing the reported results."
4/29/2026 8:07:20,obfuscated gradients give a false sense of security circumventing defenses to adversarial examples,https://github.com/anishathalye/obfuscated-gradients,AI Conferences,C,,Docker instance with pre-installed libraries,4/28/2026,12:30:00 AM,3:48:00 PM,Manual,GPU: A40 48GB VRAM CPU: Intel(R) Xeon(R) Gold 6342 CPU @ 2.80GH,Ubuntu 22.04,,,,,,,,,,,,,Accuracy under the defense technique from Buckman et al. (2018) on the CIFAR dataset (Table 1 from the paper): 0%,0%,"failed to obtain value(Seemed it lacked the equivalent code in the github, presumably because the target was not the primary finding of the study)",✗ Fail,,180,,,,,,,,,,,,,,,,,,,,,,,,,,,,,,,,,,,,Docent error. Uploaded log to google drive: https://drive.google.com/file/d/1lQgat4_-I9edmL7FwvfG5z6e6kUD0syS/view?usp=drive_link,,,,,,,,,,,,,,,,,,,,,,,,,,,,,,,,,,,,,,,,,,,,
4/29/2026 14:11:34,multiracial identity and political preferences,https://dataverse.harvard.edu/dataset.xhtml?persistentId=doi:10.7910/DVN/BLVJJH,I4R,C,,Docker instance with pre-installed libraries,4/28/2026,6:10:00 PM,9:30:00 PM,Manual,GPU: A40 48GB VRAM CPU: Intel(R) Xeon(R) Gold 6342 CPU @ 2.80GH,Ubuntu 22.04,,,,,,,,,,,,,"Figure 1, Are White-Blacks more conservative or more liberal than Blacks whn it comes to police perceptions?: More conservative","negative mean(assuming from the term ""More conservative"" in replication target","Manual replication produced a positive value (0.067), while the paper’s figure showed a negative value. This seems not a discrepancy: it is likely to be caused by difference in sign convention. The code computes White-Black minus Black, while the figure plots the reverse direction for interpretability.",✓ Match,,175,,,,,,,,,,,,,,,,,,,,,,,,,,,,,,,,,,,,"Lost the Docent records due to the connection error, therefore adding a link to the logs updated to google drive: https://drive.google.com/drive/folders/10OUu2ZETRAZbQ-7VksUNIiQlaVjsYdMi?usp=drive_link",,,,,,,,,,,,,,,,,,,,,,,,,,,,,,,,,,,,,,,,,,,,
5/1/2026 11:16:30,entertaining beliefs in economic mobility,https://dataverse.harvard.edu/dataset.xhtml?persistentId=doi:10.7910/DVN/FVRZYU,I4R,A,,Docker instance with pre-installed libraries,4/30/2026,6:35:00 PM,7:03:00 PM,Manual,GPU: A40 48GB VRAM CPU: Intel(R) Xeon(R) Gold 6342 CPU @ 2.80GH,Ubuntu 22.04,,,,,,,,,,,,,"Estimated coefficient of the Rags-to-Riches TV Treatment on belief in economic mobility in the lab-in-the-field sample (Table 1, Column 5 in the paper)",0.068,0.068,✓ Match,,28,,,,,,,,,,,,,,,,,,,,,,,,,,,,,,,,,,,,https://docent.transluce.org/dashboard/d1a06242-b68b-4597-89df-e845e2e1c058/agent_run/ad84ade3-3c34-4f0e-b705-b3620d8ac316,,,,,,,,,,,,,,,,,,,,,,,,,,,,,,,,,,,,,,,,,,,,
5/1/2026 14:13:18,informer beyond efficient transformer for long sequence timeseries forecasting,https://github.com/zhouhaoyi/Informer2020,AI Conferences,A,,Docker instance with pre-installed libraries,4/30/2026,12:00:00 AM,10:03:00 PM,Manual,GPU: A40 48GB VRAM CPU: Intel(R) Xeon(R) Gold 6342 CPU @ 2.80GH,Ubuntu 22.04,,,,,,,,,,,,,MSE of the Informer on the ETT h1 dataset with 24 counts (from Table 2 of the paper),0.577,"0.5138531923294067, 0.5566526651382446, 0.5900617837905884",≈ Within tolerance interval,,116,,,,,,,,,,,,,,,,,,,,,,,,,,,,,,,,,,,,https://docent.transluce.org/dashboard/d1a06242-b68b-4597-89df-e845e2e1c058/agent_run/f882aeb2-607e-441d-9ecc-93ef54e5c7f6?transcript_id=6640ece6-d7bb-443d-97f1-386c762e6264,,,,,,,,,,,,,,,,,,,,,,,,,,,,,,,,,,,,,,,,,,,,
5/2/2026 7:32:34,beyond accuracy behavioral testing of nlp models with checklist,https://github.com/marcotcr/checklist,AI Conferences,A,,Docker instance with pre-installed libraries,5/1/2026,12:00:00 AM,3:22:00 PM,Manual,GPU: A40 48GB VRAM CPU: Intel(R) Xeon(R) Gold 6342 CPU @ 2.80GH,Ubuntu 22.04,,,,,,,,,,,,,"Failure rate of BERT-base on the Sentiment Analysis ""Negated neutral should still be neutral"" MFT (Table 1 in the paper)",98.40%,none obtained,✗ Fail,,180,,,,,,,,,,,,,,,,,,,,,,,,,,,,,,,,,,,,"https://docent.transluce.org/dashboard/d1a06242-b68b-4597-89df-e845e2e1c058/agent_run/48c3e2b4-61c9-48a7-8816-dbffe58e07eb?transcript_id=008a9977-4c5b-424a-9bcc-fb5f1d6c3e26 (2nd attempt, lost log of the 1st attempt)",,,,,,,,,,,,,,,,,,,,,,,,,,,,,,,,,,,,,,,,,,,,
5/3/2026 15:55:48,fantastically ordered prompts and where to find them overcoming fewshot prompt order sensitivity,https://github.com/yaolu/ordered-prompt,AI Conferences,A,gpt-5.4-codex with extra high thinking,Docker instance with pre-installed libraries,5/1/2026,3:47:00 PM,4:10:00 PM,AI-assisted,GPU: A40 48GB VRAM CPU: Intel(R) Xeon(R) Gold 6342 CPU @ 2.80GH,Ubuntu 22.04,,,,,,,,,,,,,Performance of the GPT-2 0.1B GlobalE on the Template 1 (from Table 3 in the paper),63.8 [paper reported confidence: 5.8],63.8475,✓ Match,,23,1. Agent did all the work on its own,"1. Navigating readme and necessary associated files quickly to understand requirements, 2. Environment setup, 4. Identifying main scripts, 5. Running code, 6. Debugging errors from running code as is, 7. Making the most appropriate choice to adjust code to run correctly, 9. Catching potential issues proactively (e.g., noticing a bug in the code before it caused a major error), 10. Finding an alternative more efficient approach",,,,,,,,,,,Agent launched script from the wrong directory first,Agent,Agent identified the correct directory and relaunched the script,No,"According to the agent: ""A `pip` self-upgrade hung, which is non-essential, so I’m abandoning that and using the venv as-is for dependency installs and the actual runs.""",Agent,"Agent: ""I’m abandoning that and using the venv as-is for dependency installs and the actual runs.""",No,,,,,,,,,,,,,,,,https://docent.transluce.org/dashboard/d1a06242-b68b-4597-89df-e845e2e1c058/agent_run/019de5b7-e3f9-73d1-ab89-fe8c32f1c968?transcript_id=23989d86-d7ba-480a-8ae5-56eca01980fd,Succcess,,Succcess,Agent,Succcess,Succcess,Succcess,Succcess,Succcess,Succcess,Agent,Agent,Agent,Agent,Agent,,,,,,,Succcess,"Agent launched script from the wrong directory first, but corrected itself",Succcess,Agent,Succcess,,Agent,Succcess,,Agent,Succcess,,Agent,Agent,Agent,Succcess,,Both,Succcess,,Agent,Succcess,no discrepancies
5/2/2026 10:28:35,improving evaluation of machine translation quality estimation,https://github.com/ygraham/mt-qe-eval,AI Conferences,D,gpt-5.4-codex with extra high thinking,Docker instance with pre-installed libraries,5/1/2026,5:40:00 PM,5:49:00 AM,AI-assisted,GPU: A40 48GB VRAM CPU: Intel(R) Xeon(R) Gold 6342 CPU @ 2.80GH,Ubuntu 22.04,,,,,,,,,,,,,"Williams significance-test outcome for HTER prediction in English-to-Spanish WMT-14 Task 1.2, showing a significant increase in Pearson correlation with HTER gold labels for HTER-DCU-rtm-svr over HTER-DCU-rtm-tree(Figure 6)",p < 0.05,p < 0.05,✓ Match,,19,1. Agent did all the work on its own,"1. Navigating readme and necessary associated files quickly to understand requirements, 2. Environment setup, 3. Downloading data, 4. Identifying main scripts, 5. Running code, 6. Debugging errors from running code as is, 7. Making the most appropriate choice to adjust code to run correctly, 8. Identifying deprecated code/requirements and quickly finding fixes, 11. Interpreting intermediate results intelligently so that it could move on quickly to next steps",,,,,,,,,,,,,,,,,,,,,,,,,,,,,,,,,,https://docent.transluce.org/dashboard/f8c8caac-c48e-4d00-aa23-fd9f8bdae589/agent_run/019de621-2b2d-74a2-b2b8-8008ce85bade?transcript_id=0e61739f-c474-44eb-93f7-691a777726b1,Succcess,,Succcess,Agent,Succcess,Succcess,Succcess,Succcess,Succcess,Succcess,Agent,Agent,Agent,Agent,Agent,,,,,,,Succcess,,Succcess,Agent,Succcess,,Agent,Succcess,,Agent,Succcess,,Agent,Agent,Agent,Succcess,,Agent,Succcess,,Agent,Succcess,
5/3/2026 11:55:26,improving evaluation of machine translation quality estimation,https://github.com/ygraham/mt-qe-eval,AI Conferences,E,,Docker instance with pre-installed libraries,4/1/2026,7:05:00 PM,7:43:00 PM,Manual,GPU: A40 48GB VRAM CPU: Intel(R) Xeon(R) Gold 6342 CPU @ 2.80GH,Ubuntu 22.04,,,,,,,,,,,,," *Discrete decision - whether the Williams test p-value is below 0.05, not the exact p-value", Yes,No - 0.0961 p-value.,✗ Fail,,37.95,,,,,,,,,,,,,,,,,,,,,,,,,,,,,,,,,,,,https://docent.transluce.org/dashboard/575a4e6d-14be-4992-a8a2-7a40fd4270b7/agent_run/759170e5-e4fd-4435-8ade-d23c5a1ec59e?transcript_id=306fc53e-e3e2-483e-b364-8db7db4c4028,,,,,,,,,,,,,,,,,,,,,,,,,,,,,,,,,,,,,,,,,,,,
5/2/2026 19:27:14,semisupervised neural protolanguage reconstruction,https://github.com/cmu-llab/dpd,AI Conferences,A,,Docker instance with pre-installed libraries,5/1/2026,11:00:00 PM,3:20:00 AM,Manual,GPU: A40 48GB VRAM CPU: Intel(R) Xeon(R) Gold 6342 CPU @ 2.80GH,Ubuntu 22.04,,,,,,,,,,,,,"Table 2, TED of Transformer DPD-ΠM-BST on 10% labeled WikiHan, averaged across all runs in four groups (10 runs per strategy-architecture combination per group)",1.0075,1.153121969,✗ Fail,,175,,,,,,,,,,,,,,,,,,,,,,,,,,,,,,,,,,,,https://docent.transluce.org/dashboard/d1a06242-b68b-4597-89df-e845e2e1c058/agent_run/d97b0042-07d7-4394-b0da-18c415734dda?transcript_id=f3059f52-c949-43e3-a451-ab6f08da7c36,,,,,,,,,,,,,,,,,,,,,,,,,,,,,,,,,,,,,,,,,,,,
5/3/2026 5:13:25,antinormative messaging group cues and the nuclear ban treaty,https://dataverse.harvard.edu/dataset.xhtml;jsessionid=5bc4beb0bd5aef9d7a5ba5284fc6?persistentId=doi%3A10.7910%2FDVN%2FGLT4FX&version=&q=&fileTypeGroupFacet=%22Text%22&fileAccess=&fileSortField=size (fixed: https://dataverse.harvard.edu/dataset.xhtml?persistentId=doi%3A10.7910%2FDVN%2FGLT4FX ),I4R,A,,Docker instance with pre-installed libraries,5/2/2026,12:08:00 PM,1:00:00 PM,Manual,GPU: A40 48GB VRAM CPU: Intel(R) Xeon(R) Gold 6342 CPU @ 2.80GH,Ubuntu 22.04,,,,,,,,,,,,,"Estimated treatment effect of the Institution Cue on support for TPNW (Appendix Table H1, Model 2)",-19.2 percentage points,-19.2,✓ Match,,43,,,,,,,,,,,,,,,,,,,,,,,,,,,,,,,,,,,,https://docent.transluce.org/dashboard/d1a06242-b68b-4597-89df-e845e2e1c058/agent_run/f8f1a354-e4d6-4b0d-a101-7bf0c481891e?transcript_id=c117fcbe-555b-4edb-9e4b-1ad70cd70f9b,,,,,,,,,,,,,,,,,,,,,,,,,,,,,,,,,,,,,,,,,,,,